{"cameraMode":{"drawMode":0,"name":"Shaded","section":"Shading Mode"},"sceneLighting":false,"audioPlay":false,"sceneViewState":{"m_AlwaysRefresh":false,"showFog":true,"showSkybox":false,"showFlares":true,"showImageEffects":true,"showParticleSystems":true,"showVisualEffectGraphs":true,"m_FxEnabled":true},"in2DMode":false,"pivot":{"x":9.69683837890625,"y":3.370662212371826,"z":-31.122440338134767},"rotation":{"x":-0.00001546713974676095,"y":-0.9978302121162415,"z":0.03156239166855812,"w":0.06437991559505463},"size":37.45317840576172,"orthographic":false}